timestamp,year,month,day,hour,minute,second,number
1762203562,2025,11,4,4,59,22,3825
1762204847,2025,11,4,5,20,47,3826
1762206048,2025,11,4,5,40,48,3827
1762210851,2025,11,4,7,0,51,3829
1762216855,2025,11,4,8,40,55,3831
1762220458,2025,11,4,9,40,58,3832
1762222861,2025,11,4,10,21,1,3834
1762224062,2025,11,4,10,41,2,3835
1762225264,2025,11,4,11,1,4,3836
1762227665,2025,11,4,11,41,5,3837
1762228867,2025,11,4,12,1,7,3838
1762230069,2025,11,4,12,21,9,3839
1762231270,2025,11,4,12,41,10,3840
1762233673,2025,11,4,13,21,13,3843
1762234874,2025,11,4,13,41,14,3844
1762238479,2025,11,4,14,41,19,3846
1762242083,2025,11,4,15,41,23,3847
1762244485,2025,11,4,16,21,25,3848
1762245687,2025,11,4,16,41,27,3849
1762246889,2025,11,4,17,1,29,3851
1762248092,2025,11,4,17,21,32,3854
1762249295,2025,11,4,17,41,35,3858
1762250496,2025,11,4,18,1,36,3859
1762254100,2025,11,4,19,1,40,3860
1762255301,2025,11,4,19,21,41,3861
1762256505,2025,11,4,19,41,45,3865
1762257707,2025,11,4,20,1,47,3866
1762258909,2025,11,4,20,21,49,3867
1762260110,2025,11,4,20,41,50,3868
1762261313,2025,11,4,21,1,53,3871
1762262515,2025,11,4,21,21,55,3872
1762263720,2025,11,4,21,42,0,3877
1762264921,2025,11,4,22,2,1,3878
1762267323,2025,11,4,22,42,3,3879
1762269727,2025,11,4,23,22,7,3880
1762270930,2025,11,4,23,42,10,3883
1762272132,2025,11,5,0,2,12,3885
1762273335,2025,11,5,0,22,15,3888
1762274537,2025,11,5,0,42,17,3890
1762275739,2025,11,5,1,2,19,3892
1762276941,2025,11,5,1,22,21,3894
1762279344,2025,11,5,2,2,24,3896
1762280546,2025,11,5,2,22,26,3897
1762281747,2025,11,5,2,42,27,3898
1762282949,2025,11,5,3,2,29,3899
1762285351,2025,11,5,3,42,31,3901
1762286552,2025,11,5,4,2,32,3902
1762287754,2025,11,5,4,22,34,3904
1762290156,2025,11,5,5,2,36,3905
1762300961,2025,11,5,8,2,41,3906
1762304563,2025,11,5,9,2,43,3907
1762310568,2025,11,5,10,42,48,3909
1762311770,2025,11,5,11,2,50,3912
1762315373,2025,11,5,12,2,53,3914
1762316575,2025,11,5,12,22,55,3915
1762317776,2025,11,5,12,42,56,3916
1762318978,2025,11,5,13,2,58,3918
1762320180,2025,11,5,13,23,0,3920
1762321382,2025,11,5,13,43,2,3922
1762322583,2025,11,5,14,3,3,3923
1762323786,2025,11,5,14,23,6,3925
1762324987,2025,11,5,14,43,7,3926
1762326190,2025,11,5,15,3,10,3929
1762328593,2025,11,5,15,43,13,3932
1762329795,2025,11,5,16,3,15,3934
1762332198,2025,11,5,16,43,18,3935
1762333399,2025,11,5,17,3,19,3936
1762334600,2025,11,5,17,23,20,3937
1762335802,2025,11,5,17,43,22,3938
1762338204,2025,11,5,18,23,24,3940
1762339406,2025,11,5,18,43,26,3942
1762340608,2025,11,5,19,3,28,3943
1762344212,2025,11,5,20,3,32,3945
1762345416,2025,11,5,20,23,36,3947
1762350221,2025,11,5,21,43,41,3949
1762351423,2025,11,5,22,3,43,3951
1762352625,2025,11,5,22,23,45,3952
1762355028,2025,11,5,23,3,48,3953
1762356230,2025,11,5,23,23,50,3954
1762357433,2025,11,5,23,43,53,3956
1762358634,2025,11,6,0,3,54,3957
1762359837,2025,11,6,0,23,57,3960
1762361039,2025,11,6,0,43,59,3961
1762362241,2025,11,6,1,4,1,3963
1762364644,2025,11,6,1,44,4,3965
1762365846,2025,11,6,2,4,6,3966
1762369449,2025,11,6,3,4,9,3967
1762374252,2025,11,6,4,24,12,3968
1762379055,2025,11,6,5,44,15,3970
1762380256,2025,11,6,6,4,16,3971
1762383859,2025,11,6,7,4,19,3972
1762385060,2025,11,6,7,24,20,3973
1762387462,2025,11,6,8,4,22,3974
1762391064,2025,11,6,9,4,24,3975
1762395869,2025,11,6,10,24,29,3978
1762397071,2025,11,6,10,44,31,3979
1762399473,2025,11,6,11,24,33,3980
1762400674,2025,11,6,11,44,34,3981
1762404277,2025,11,6,12,44,37,3982
1762405478,2025,11,6,13,4,38,3983
1762407881,2025,11,6,13,44,41,3985
1762409083,2025,11,6,14,4,43,3986
1762412687,2025,11,6,15,4,47,3989
1762413889,2025,11,6,15,24,49,3991
1762417204,2025,11,6,16,20,4,3992
1762418406,2025,11,6,16,40,6,3994
1762419608,2025,11,6,17,0,8,3995
1762420810,2025,11,6,17,20,10,3996
1762424414,2025,11,6,18,20,14,3998
1762426818,2025,11,6,19,0,18,4000
1762431623,2025,11,6,20,20,23,4002
1762432825,2025,11,6,20,40,25,4003
1762434028,2025,11,6,21,0,28,4004
1762436432,2025,11,6,21,40,32,4006
1762438835,2025,11,6,22,20,35,4008
1762440037,2025,11,6,22,40,37,4009
1762441245,2025,11,6,23,0,45,4010
1762442447,2025,11,6,23,20,47,4011
1762443648,2025,11,6,23,40,48,4012
1762444854,2025,11,7,0,0,54,4015
1762447256,2025,11,7,0,40,56,4016
1762448458,2025,11,7,1,0,58,4018
1762452061,2025,11,7,2,1,1,4019
1762453262,2025,11,7,2,21,2,4020
1762454464,2025,11,7,2,41,4,4021
1762455665,2025,11,7,3,1,5,4022
1762458066,2025,11,7,3,41,6,4023
1762465270,2025,11,7,5,41,10,4024
1762473675,2025,11,7,8,1,15,4025
1762474876,2025,11,7,8,21,16,4026
1762478478,2025,11,7,9,21,18,4027
1762480880,2025,11,7,10,1,20,4028
1762482082,2025,11,7,10,21,22,4029
1762483284,2025,11,7,10,41,24,4031
1762484486,2025,11,7,11,1,26,4033
1762485687,2025,11,7,11,21,27,4034
1762489290,2025,11,7,12,21,30,4035
1762492893,2025,11,7,13,21,33,4037
1762494095,2025,11,7,13,41,35,4038
1762495296,2025,11,7,14,1,36,4039
1762496498,2025,11,7,14,21,38,4040
1762497699,2025,11,7,14,41,39,4041
1762498901,2025,11,7,15,1,41,4042
1762500102,2025,11,7,15,21,42,4043
1762501306,2025,11,7,15,41,46,4046
1762502509,2025,11,7,16,1,49,4047
1762503712,2025,11,7,16,21,52,4050
1762504914,2025,11,7,16,41,54,4052
1762506116,2025,11,7,17,1,56,4054
1762507318,2025,11,7,17,21,58,4055
1762508519,2025,11,7,17,41,59,4057
1762509723,2025,11,7,18,2,3,4061
1762510927,2025,11,7,18,22,7,4064
1762512128,2025,11,7,18,42,8,4065
1762518134,2025,11,7,20,22,14,4067
1762519335,2025,11,7,20,42,15,4068
1762521739,2025,11,7,21,22,19,4070
1762522942,2025,11,7,21,42,22,4073
1762524146,2025,11,7,22,2,26,4074
1762525347,2025,11,7,22,22,27,4075
1762526554,2025,11,7,22,42,34,4081
1762527757,2025,11,7,23,2,37,4084
1762530159,2025,11,7,23,42,39,4085
1762531362,2025,11,8,0,2,42,4087
1762532564,2025,11,8,0,22,44,4088
1762533766,2025,11,8,0,42,46,4089
1762534968,2025,11,8,1,2,48,4091
1762536170,2025,11,8,1,22,50,4093
1762538574,2025,11,8,2,2,54,4095
1762539776,2025,11,8,2,22,56,4097
1762543379,2025,11,8,3,22,59,4099
1762544580,2025,11,8,3,43,0,4100
1762545782,2025,11,8,4,3,2,4101
1762549384,2025,11,8,5,3,4,4102
1762551786,2025,11,8,5,43,6,4103
1762552987,2025,11,8,6,3,7,4104
1762555389,2025,11,8,6,43,9,4105
1762556590,2025,11,8,7,3,10,4106
1762557791,2025,11,8,7,23,11,4107
1762561394,2025,11,8,8,23,14,4108
1762562595,2025,11,8,8,43,15,4109
1762563797,2025,11,8,9,3,17,4110
1762564999,2025,11,8,9,23,19,4112
1762566201,2025,11,8,9,43,21,4113
1762567402,2025,11,8,10,3,22,4114
1762571005,2025,11,8,11,3,25,4115
1762572208,2025,11,8,11,23,28,4117
1762573410,2025,11,8,11,43,30,4119
1762575812,2025,11,8,12,23,32,4120
1762578214,2025,11,8,13,3,34,4121
1762580616,2025,11,8,13,43,36,4122
1762581818,2025,11,8,14,3,38,4124
1762583022,2025,11,8,14,23,42,4126
1762584224,2025,11,8,14,43,44,4127
1762585428,2025,11,8,15,3,48,4130
1762586632,2025,11,8,15,23,52,4134
1762587834,2025,11,8,15,43,54,4136
1762589036,2025,11,8,16,3,56,4137
1762591439,2025,11,8,16,43,59,4139
1762592641,2025,11,8,17,4,1,4140
1762593844,2025,11,8,17,24,4,4144
1762595048,2025,11,8,17,44,8,4148
1762596251,2025,11,8,18,4,11,4150
1762597452,2025,11,8,18,24,12,4151
1762598654,2025,11,8,18,44,14,4152
1762601056,2025,11,8,19,24,16,4153
1762604662,2025,11,8,20,24,22,4155
1762605865,2025,11,8,20,44,25,4157
1762607070,2025,11,8,21,4,30,4161
1762608274,2025,11,8,21,24,34,4164
1762609478,2025,11,8,21,44,38,4167
1762610684,2025,11,8,22,4,44,4171
1762613088,2025,11,8,22,44,48,4174
1762614290,2025,11,8,23,4,50,4175
1762615494,2025,11,8,23,24,54,4178
1762616699,2025,11,8,23,44,59,4182
1762617902,2025,11,9,0,5,2,4184
1762620317,2025,11,9,0,45,17,4187
1762621519,2025,11,9,1,5,19,4188
1762622722,2025,11,9,1,25,22,4191
1762625124,2025,11,9,2,5,24,4193
1762626327,2025,11,9,2,25,27,4195
1762627528,2025,11,9,2,45,28,4196
1762629930,2025,11,9,3,25,30,4197
1762631132,2025,11,9,3,45,32,4199
1762637136,2025,11,9,5,25,36,4200
1762639538,2025,11,9,6,5,38,4201
1762647943,2025,11,9,8,25,43,4202
1762649145,2025,11,9,8,45,45,4204
1762650346,2025,11,9,9,5,46,4206
1762653949,2025,11,9,10,5,49,4207
1762655151,2025,11,9,10,25,51,4209
1762657553,2025,11,9,11,5,53,4210
1762658755,2025,11,9,11,25,55,4212
1762659957,2025,11,9,11,45,57,4214
1762662360,2025,11,9,12,26,0,4216
1762665964,2025,11,9,13,26,4,4218
1762667166,2025,11,9,13,46,6,4220
1762668368,2025,11,9,14,6,8,4222
1762670772,2025,11,9,14,46,12,4224
1762671974,2025,11,9,15,6,14,4227
1762673178,2025,11,9,15,26,18,4231
1762676781,2025,11,9,16,26,21,4232
1762677984,2025,11,9,16,46,24,4235
1762679187,2025,11,9,17,6,27,4237
1762680388,2025,11,9,17,26,28,4238
1762682790,2025,11,9,18,6,30,4239
1762683994,2025,11,9,18,26,34,4242
1762685195,2025,11,9,18,46,35,4243
1762686397,2025,11,9,19,6,37,4244
1762687600,2025,11,9,19,26,40,4247
1762688802,2025,11,9,19,46,42,4248
1762693610,2025,11,9,21,6,50,4252
1762694812,2025,11,9,21,26,52,4253
1762697216,2025,11,9,22,6,56,4255
1762698421,2025,11,9,22,27,1,4260
1762699624,2025,11,9,22,47,4,4263
1762700826,2025,11,9,23,7,6,4264
1762702031,2025,11,9,23,27,11,4265
1762703237,2025,11,9,23,47,17,4271
1762704441,2025,11,10,0,7,21,4274
1762705643,2025,11,10,0,27,23,4275
1762706846,2025,11,10,0,47,26,4278
1762708048,2025,11,10,1,7,28,4280
1762709251,2025,11,10,1,27,31,4283
1762710453,2025,11,10,1,47,33,4285
1762714058,2025,11,10,2,47,38,4288
1762716460,2025,11,10,3,27,40,4289
1762733268,2025,11,10,8,7,48,4290
1762735671,2025,11,10,8,47,51,4291
1762736872,2025,11,10,9,7,52,4292
1762738073,2025,11,10,9,27,53,4293
1762742876,2025,11,10,10,47,56,4294
1762748880,2025,11,10,12,28,0,4295
1762750082,2025,11,10,12,48,2,4296
1762751284,2025,11,10,13,8,4,4298
1762752488,2025,11,10,13,28,8,4301
1762753689,2025,11,10,13,48,9,4302
1762754896,2025,11,10,14,8,16,4307
1762756098,2025,11,10,14,28,18,4308
1762757299,2025,11,10,14,48,19,4309
1762758501,2025,11,10,15,8,21,4311
1762760903,2025,11,10,15,48,23,4312
1762762107,2025,11,10,16,8,27,4315
1762763308,2025,11,10,16,28,28,4316
1762764510,2025,11,10,16,48,30,4317
1762765711,2025,11,10,17,8,31,4318
1762766912,2025,11,10,17,28,32,4319
1762768114,2025,11,10,17,48,34,4321
1762769317,2025,11,10,18,8,37,4324
1762770521,2025,11,10,18,28,41,4328
1762771727,2025,11,10,18,48,47,4333
1762772931,2025,11,10,19,8,51,4336
1762774133,2025,11,10,19,28,53,4338
1762775335,2025,11,10,19,48,55,4339
1762777739,2025,11,10,20,28,59,4341
1762780141,2025,11,10,21,9,1,4342
1762781348,2025,11,10,21,29,8,4348
1762782552,2025,11,10,21,49,12,4352
1762783754,2025,11,10,22,9,14,4353
1762784960,2025,11,10,22,29,20,4358
1762786169,2025,11,10,22,49,29,4364
1762787371,2025,11,10,23,9,31,4365
1762788575,2025,11,10,23,29,35,4369
1762789778,2025,11,10,23,49,38,4372
1762790982,2025,11,11,0,9,42,4375
1762792186,2025,11,11,0,29,46,4379
1762794590,2025,11,11,1,9,50,4381
1762798192,2025,11,11,2,9,52,4382
1762801796,2025,11,11,3,9,56,4385
1762802998,2025,11,11,3,29,58,4386
1762805399,2025,11,11,4,9,59,4387
1762810202,2025,11,11,5,30,2,4388
1762811403,2025,11,11,5,50,3,4389
1762813805,2025,11,11,6,30,5,4390
1762816207,2025,11,11,7,10,7,4391
1762817408,2025,11,11,7,30,8,4392
1762822211,2025,11,11,8,50,11,4393
1762823412,2025,11,11,9,10,12,4394
1762831819,2025,11,11,11,30,19,4396
1762833020,2025,11,11,11,50,20,4397
1762834222,2025,11,11,12,10,22,4399
1762835425,2025,11,11,12,30,25,4401
1762836628,2025,11,11,12,50,28,4403
1762837830,2025,11,11,13,10,30,4404
1762839033,2025,11,11,13,30,33,4407
1762840236,2025,11,11,13,50,36,4409
1762843842,2025,11,11,14,50,42,4412
1762845045,2025,11,11,15,10,45,4414
1762846248,2025,11,11,15,30,48,4417
1762847450,2025,11,11,15,50,50,4419
1762851053,2025,11,11,16,50,53,4420
1762852255,2025,11,11,17,10,55,4421
1762853457,2025,11,11,17,30,57,4423
1762854659,2025,11,11,17,50,59,4425
1762855862,2025,11,11,18,11,2,4427
1762857063,2025,11,11,18,31,3,4428
1762859467,2025,11,11,19,11,7,4430
1762860670,2025,11,11,19,31,10,4433
1762861872,2025,11,11,19,51,12,4434
1762863076,2025,11,11,20,11,16,4437
1762864278,2025,11,11,20,31,18,4438
1762865484,2025,11,11,20,51,24,4443
1762866687,2025,11,11,21,11,27,4445
1762867891,2025,11,11,21,31,31,4447
1762869096,2025,11,11,21,51,36,4450
1762870298,2025,11,11,22,11,38,4452
1762871501,2025,11,11,22,31,41,4454
1762872703,2025,11,11,22,51,43,4455
1762873904,2025,11,11,23,11,44,4456
1762875107,2025,11,11,23,31,47,4458
1762876309,2025,11,11,23,51,49,4460
1762878714,2025,11,12,0,31,54,4463
1762879917,2025,11,12,0,51,57,4465
1762881118,2025,11,12,1,11,58,4466
1762882320,2025,11,12,1,32,0,4467
1762883521,2025,11,12,1,52,1,4468
1762885923,2025,11,12,2,32,3,4469
1762889525,2025,11,12,3,32,5,4470
1762890727,2025,11,12,3,52,7,4471
1762891928,2025,11,12,4,12,8,4472
1762895530,2025,11,12,5,12,10,4473
1762900334,2025,11,12,6,32,14,4474
1762902735,2025,11,12,7,12,15,4475
1762907539,2025,11,12,8,32,19,4476
1762909941,2025,11,12,9,12,21,4478
1762911143,2025,11,12,9,32,23,4479
1762914746,2025,11,12,10,32,26,4481
1762917149,2025,11,12,11,12,29,4483
1762920753,2025,11,12,12,12,33,4484
1762921956,2025,11,12,12,32,36,4487
1762924360,2025,11,12,13,12,40,4488
1762925561,2025,11,12,13,32,41,4489
1762931572,2025,11,12,15,12,52,4491
1762932778,2025,11,12,15,32,58,4495
1762935181,2025,11,12,16,13,1,4497
1762936385,2025,11,12,16,33,5,4500
1762937589,2025,11,12,16,53,9,4504
1762938791,2025,11,12,17,13,11,4505
1762939993,2025,11,12,17,33,13,4506
1762941197,2025,11,12,17,53,17,4510
1762942401,2025,11,12,18,13,21,4513
1762943603,2025,11,12,18,33,23,4514
1762944807,2025,11,12,18,53,27,4516
1762946010,2025,11,12,19,13,30,4519
1762947211,2025,11,12,19,33,31,4520
1762948414,2025,11,12,19,53,34,4522
1762949617,2025,11,12,20,13,37,4524
1762950822,2025,11,12,20,33,42,4527
1762953227,2025,11,12,21,13,47,4530
1762954432,2025,11,12,21,33,52,4535
1762955634,2025,11,12,21,53,54,4536
1762956838,2025,11,12,22,13,58,4540
1762958043,2025,11,12,22,34,3,4543
1762959247,2025,11,12,22,54,7,4545
1762961653,2025,11,12,23,34,13,4549
1762962856,2025,11,12,23,54,16,4551
1762964059,2025,11,13,0,14,19,4553
1762965263,2025,11,13,0,34,23,4557
1762966466,2025,11,13,0,54,26,4559
1762967667,2025,11,13,1,14,27,4560
1762968868,2025,11,13,1,34,28,4561
1762970070,2025,11,13,1,54,30,4563
1762971272,2025,11,13,2,14,32,4564
1762973674,2025,11,13,2,54,34,4565
1762976076,2025,11,13,3,34,36,4566
1762979678,2025,11,13,4,34,38,4567
1762982080,2025,11,13,5,14,40,4568
1762984482,2025,11,13,5,54,42,4569
1762989285,2025,11,13,7,14,45,4570
1762990486,2025,11,13,7,34,46,4571
1762997691,2025,11,13,9,34,51,4572
1763000093,2025,11,13,10,14,53,4573
1763001294,2025,11,13,10,34,54,4574
1763002496,2025,11,13,10,54,56,4575
1763003699,2025,11,13,11,14,59,4577
1763004900,2025,11,13,11,35,0,4578
1763006102,2025,11,13,11,55,2,4579
1763007303,2025,11,13,12,15,3,4580
1763008505,2025,11,13,12,35,5,4581
1763009706,2025,11,13,12,55,6,4582
1763010909,2025,11,13,13,15,9,4585
1763012111,2025,11,13,13,35,11,4586
1763013312,2025,11,13,13,55,12,4587
1763014515,2025,11,13,14,15,15,4589
1763018122,2025,11,13,15,15,22,4592
1763019325,2025,11,13,15,35,25,4596
